<?xml version="1.0" encoding="UTF-8"?>
<project-private xmlns="http://www.netbeans.org/ns/project-private/1">
    <editor-bookmarks xmlns="http://www.netbeans.org/ns/editor-bookmarks/2" lastBookmarkId="0"/>
    <open-files xmlns="http://www.netbeans.org/ns/projectui-open-files/2">
        <group>
            <file>file:/var/www/tekafiles/inc/File_Downloads_Table.php</file>
            <file>file:/var/www/tekafiles/inc/File_Report_Table.php</file>
            <file>file:/var/www/tekafiles/inc/Files_Table.php</file>
            <file>file:/var/www/tekafiles/js/widget.js</file>
            <file>file:/var/www/tekafiles/js/new.js</file>
            <file>file:/var/www/tekafiles/views/new.php</file>
            <file>file:/var/www/tekafiles/tekafiles.php</file>
            <file>file:/var/www/tekafiles/widgets/Tekafiles_Widget.php</file>
        </group>
    </open-files>
</project-private>
